{
  "version": 1,
  "author": "Nurul Hidayah",
  "editor": "wokwi",
  "parts": [
    {
      "type": "board-esp32-s3-devkitc-1",
      "id": "esp",
      "top": 90.38,
      "left": -129.37,
      "rotate": 180,
      "attrs": {}
    },
    {
      "type": "wokwi-stepper-motor",
      "id": "stepper1",
      "top": -34.79,
      "left": 163.63,
      "attrs": { "size": "17" }
    },
    { "type": "wokwi-a4988", "id": "drv1", "top": 148.8, "left": 24, "attrs": {} },
    { "type": "wokwi-potentiometer", "id": "pot1", "top": 209.9, "left": 163, "attrs": {} },
    { "type": "wokwi-vcc", "id": "vcc1", "top": 87.16, "left": -28.8, "attrs": {} },
    { "type": "wokwi-vcc", "id": "vcc2", "top": 106.36, "left": 115.2, "attrs": {} },
    { "type": "wokwi-vcc", "id": "vcc3", "top": 106.36, "left": 86.4, "attrs": {} },
    { "type": "wokwi-gnd", "id": "gnd1", "top": 374.4, "left": -135, "attrs": {} },
    { "type": "wokwi-gnd", "id": "gnd2", "top": 355.2, "left": 85.8, "attrs": {} }
  ],
  "connections": [
    [ "esp:TX", "$serialMonitor:RX", "", [] ],
    [ "esp:RX", "$serialMonitor:TX", "", [] ],
    [ "drv1:RESET", "drv1:SLEEP", "green", [ "h0" ] ],
    [ "stepper1:A-", "drv1:2B", "cyan", [ "v28.8", "h-76.8" ] ],
    [ "drv1:2A", "stepper1:A+", "gray", [ "h0" ] ],
    [ "drv1:1A", "stepper1:B+", "purple", [ "h0" ] ],
    [ "drv1:1B", "stepper1:B-", "green", [ "h0" ] ],
    [ "vcc3:VCC", "drv1:VMOT", "red", [ "v0" ] ],
    [ "vcc2:VCC", "drv1:VDD", "red", [ "v0" ] ],
    [ "pot1:SIG", "esp:4", "yellow", [ "v0" ] ],
    [ "drv1:ENABLE", "esp:5", "#8f4814", [ "h-19.2", "v134.4", "h-19.2" ] ],
    [ "esp:5V", "vcc1:VCC", "red", [ "h0" ] ],
    [ "drv1:DIR", "esp:19", "white", [ "h-28.8", "v-153.6", "h-134.4", "v76.8" ] ],
    [ "esp:5V", "pot1:VCC", "red", [ "h19.25", "v172.8", "h230.4" ] ],
    [ "esp:18", "drv1:STEP", "blue", [ "h28.85", "v-19.2" ] ],
    [ "esp:GND.2", "gnd1:GND", "black", [ "v0", "h-9.6" ] ],
    [ "drv1:GND.2", "gnd2:GND", "black", [ "h19.35", "v182.48" ] ],
    [ "drv1:GND.1", "esp:GND.2", "black", [ "v134.48", "h-201.45" ] ],
    [ "pot1:GND", "esp:GND.2", "black", [ "v76.8", "h-124.8" ] ]
  ],
  "dependencies": {}
}